time,magnification
-5.000000000000000000e+00,2.195275050452303311e+00
-4.969939879759518675e+00,2.206571330117090390e+00
-4.939879759519038238e+00,2.218019968248308160e+00
-4.909819639278556913e+00,2.229623888739411530e+00
-4.879759519038075588e+00,2.241386092671764807e+00
-4.849699398797595151e+00,2.253309661019664123e+00
-4.819639278557114714e+00,2.265397757478182950e+00
-4.789579158316633389e+00,2.277653631420895053e+00
-4.759519038076152064e+00,2.290080620995121663e+00
-4.729458917835670739e+00,2.302682156362746646e+00
-4.699398797595190302e+00,2.315461763095314041e+00
-4.669338677354708977e+00,2.328423065732939889e+00
-4.639278557114228541e+00,2.341569791516814991e+00
-4.609218436873748104e+00,2.354905774306393695e+00
-4.579158316633266779e+00,2.368434958692819059e+00
-4.549098196392785454e+00,2.382161404321132547e+00
-4.519038076152304129e+00,2.396089290434939123e+00
-4.488977955911823692e+00,2.410222920658101842e+00
-4.458917835671342367e+00,2.424566728029378115e+00
-4.428857715430861042e+00,2.439125280307203436e+00
-4.398797595190380605e+00,2.453903285563138414e+00
-4.368737474949900168e+00,2.468905598084276232e+00
-4.338677354709418843e+00,2.484137224606540517e+00
-4.308617234468937518e+00,2.499603330902657294e+00
-4.278557114228457081e+00,2.515309248750926763e+00
-4.248496993987976644e+00,2.531260483313088727e+00
-4.218436873747494431e+00,2.547462720952134774e+00
-4.188376753507013994e+00,2.563921837524060887e+00
-4.158316633266533557e+00,2.580643907180449226e+00
-4.128256513026052232e+00,2.597635211722546078e+00
-4.098196392785570907e+00,2.614902250551306206e+00
-4.068136272545089582e+00,2.632451751262519846e+00
-4.038076152304610034e+00,2.650290680940659005e+00
-4.008016032064128709e+00,2.668426258211145985e+00
-3.977955911823647384e+00,2.686865966116438464e+00
-3.947895791583166503e+00,2.705617565888540632e+00
-3.917835671342685622e+00,2.724689111698252120e+00
-3.887775551102204297e+00,2.744088966470354496e+00
-3.857715430861723416e+00,2.763825818863562489e+00
-3.827655310621242979e+00,2.783908701525712459e+00
-3.797595190380762098e+00,2.804347010746832680e+00
-3.767535070140280773e+00,2.825150527647571241e+00
-3.737474949899799892e+00,2.846329441056446363e+00
-3.707414829659319011e+00,2.867894372248255941e+00
-3.677354709418837686e+00,2.889856401737013858e+00
-3.647294589178356361e+00,2.912227098341268139e+00
-3.617234468937875480e+00,2.935018550767286794e+00
-3.587174348697394599e+00,2.958243401987710186e+00
-3.557114228456914162e+00,2.981914886730139269e+00
-3.527054108216433281e+00,3.006046872432261985e+00
-3.496993987975952400e+00,3.030653904069809279e+00
-3.466933867735471075e+00,3.055751253319940020e+00
-3.436873747494989750e+00,3.081354972589497088e+00
-3.406813627254508869e+00,3.107481954514452305e+00
-3.376753507014027988e+00,3.134149997627057260e+00
-3.346693386773547552e+00,3.161377878993182122e+00
-3.316633266533066227e+00,3.189185434746678816e+00
-3.286573146292585346e+00,3.217593649593933680e+00
-3.256513026052104465e+00,3.246624756535495315e+00
-3.226452905811623140e+00,3.276302348257119856e+00
-3.196392785571142259e+00,3.306651501887891254e+00
-3.166332665330661378e+00,3.337698919115070773e+00
-3.136272545090180053e+00,3.369473083996334495e+00
-3.106212424849698728e+00,3.402004441232389542e+00
-3.076152304609218735e+00,3.435325598171649730e+00
-3.046092184368737854e+00,3.469471554437296046e+00
-3.016032064128256529e+00,3.504479963819250976e+00
-2.985971943887775204e+00,3.540391433992727155e+00
-2.955911823647294323e+00,3.577249870754845684e+00
-2.925851703406813442e+00,3.615102874863654225e+00
-2.895791583166332117e+00,3.654002201289754836e+00
-2.865731462925852124e+00,3.694004292840562975e+00
-2.835671342685371243e+00,3.735170902806614457e+00
-2.805611222444889918e+00,3.777569824662198705e+00
-2.775551102204408593e+00,3.821275751129316944e+00
-2.745490981963927712e+00,3.866371290349616352e+00
-2.715430861723447720e+00,3.912948173852436540e+00
-2.685370741482965506e+00,3.961108699927239130e+00
-2.655310621242485070e+00,4.010967467522312369e+00
-2.625250501002003300e+00,4.062653470727967786e+00
-2.595190380761523308e+00,4.116312643362645574e+00
-2.565130260521041983e+00,4.172110968620475369e+00
-2.535070140280561990e+00,4.230238302068102030e+00
-2.505010020040080221e+00,4.290913099932998520e+00
-2.474949899799599784e+00,4.354388301580525145e+00
-2.444889779559118459e+00,4.420958688625616695e+00
-2.414829659318637578e+00,4.490970136048384020e+00
-2.384769539078156697e+00,4.564825179040285619e+00
-2.354709418837675372e+00,4.643018836635649293e+00
-2.324649298597194047e+00,4.726128384537610749e+00
-2.294589178356713166e+00,4.814853586514510120e+00
-2.264529058116233173e+00,4.910040067009068032e+00
-2.234468937875751848e+00,5.012710095113365405e+00
-2.204408817635270967e+00,5.124091515408849773e+00
-2.174348697394790086e+00,5.245629520026716008e+00
-2.144288577154308761e+00,5.378941166614910507e+00
-2.114228456913827436e+00,5.525616200617789353e+00
-2.084168336673346555e+00,5.686651004780224561e+00
-2.054108216432866563e+00,5.861129348912525572e+00
-2.024048096192385238e+00,6.043749627867275542e+00
-1.993987975951904357e+00,6.221812503176282760e+00
-1.963927855711423032e+00,6.374515750376852807e+00
-1.933867735470942151e+00,6.477428779616738019e+00
-1.903807615230460826e+00,6.509317452803769832e+00
-1.873747494989979945e+00,6.455955193895099420e+00
-1.843687374749499064e+00,6.310436636992610815e+00
-1.813627254509018183e+00,6.073032141786847582e+00
-1.783567134268537302e+00,5.753542844367241393e+00
-1.753507014028056421e+00,5.378864331462779091e+00
-1.723446893787575540e+00,5.003110494443911982e+00
-1.693386773547094215e+00,4.691259456364543112e+00
-1.663326653306613334e+00,4.468003685367425426e+00
-1.633266533066132009e+00,4.317193215896240943e+00
-1.603206412825651572e+00,4.216530712021361538e+00
-1.573146292585170247e+00,4.150021655021920886e+00
-1.543086172344689366e+00,4.107439117484678270e+00
-1.513026052104208485e+00,4.082242774517618855e+00
-1.482965931863727604e+00,4.070131938493630308e+00
-1.452905811623246723e+00,4.068186269017670220e+00
-1.422845691382765398e+00,4.074362040175987687e+00
-1.392785571142284518e+00,4.087190207997231539e+00
-1.362725450901803637e+00,4.105576830798567833e+00
-1.332665330661322756e+00,4.128740348420192774e+00
-1.302605210420841875e+00,4.156040042034738313e+00
-1.272545090180360994e+00,4.186993100816626345e+00
-1.242484969939880113e+00,4.221217608221336626e+00
-1.212424849699398788e+00,4.258406714898551826e+00
-1.182364729458918351e+00,4.298309890245507248e+00
-1.152304609218436582e+00,4.340719026227180422e+00
-1.122244488977956589e+00,4.385457923188044838e+00
-1.092184368737474820e+00,4.432374167370267237e+00
-1.062124248496994383e+00,4.481332721135389718e+00
-1.032064128256513058e+00,4.532210752927476882e+00
-1.002004008016032621e+00,4.584893373153075657e+00
-9.719438877755508521e-01,4.639270038049869704e+00
-9.418837675350708594e-01,4.695231451150023716e+00
-9.118236472945886462e-01,4.752666840691761152e+00
-8.817635270541086534e-01,4.811461527526066817e+00
-8.517034068136268843e-01,4.871494725858521946e+00
-8.216432865731464474e-01,4.932637541353023458e+00
-7.915831663326655665e-01,4.994751149598587681e+00
-7.615230460921846856e-01,5.057685153978936476e+00
-7.314629258517038046e-01,5.121276136428642545e+00
-7.014028056112229237e-01,5.185346427920452861e+00
-6.713426853707420427e-01,5.249703138033427585e+00
-6.412825651302607177e-01,5.314137494649080473e+00
-6.112224448897798368e-01,5.378424555488011016e+00
-5.811623246492985118e-01,5.442323362549996268e+00
-5.511022044088180749e-01,5.505577618039156462e+00
-5.210420841683367499e-01,5.567916965548150188e+00
-4.909819639278558689e-01,5.629058962652061737e+00
-4.609218436873754321e-01,5.688711830301123484e+00
-4.308617234468941071e-01,5.746578060627996365e+00
-4.008016032064132261e-01,5.802358958738744299e+00
-3.707414829659319011e-01,5.855760187684441398e+00
-3.406813627254510202e-01,5.906501388451364853e+00
-3.106212424849701392e-01,5.954313085253550852e+00
-2.805611222444892583e-01,5.998960762769823596e+00
-2.505010020040079333e-01,6.040245949335989906e+00
-2.204408817635274964e-01,6.078020585444393831e+00
-1.903807615230466155e-01,7.255930261393737979e+00
-1.603206412825652905e-01,1.069904781763171542e+01
-1.302605210420844095e-01,1.378343748332449614e+01
-1.002004008016030845e-01,1.643198167175968294e+01
-7.014028056112264764e-02,1.853190615258651519e+01
-4.008016032064132261e-02,1.991700786893087383e+01
-1.002004008016044168e-02,2.024009736015499783e+01
2.004008016032043926e-02,1.795926038918079826e+01
5.010020040080087611e-02,1.634886739701753910e+01
8.016032064128264523e-02,1.554682950373907069e+01
1.102204408817626380e-01,1.508517994666595463e+01
1.402805611222444071e-01,1.493083429251758076e+01
1.703406813627248440e-01,1.459714201245723508e+01
2.004008016032061690e-01,1.420527112591866370e+01
2.304609218436870499e-01,1.378976411595568052e+01
2.605210420841679309e-01,1.336212754791363722e+01
2.905811623246488118e-01,1.292828770667596672e+01
3.206412825651301368e-01,1.249211898675432586e+01
3.507014028056105737e-01,1.205654689782337385e+01
3.807615230460923428e-01,1.162397713888095474e+01
4.108216432865727796e-01,1.119648895935710442e+01
4.408817635270541047e-01,1.077593380163975390e+01
4.709418837675345415e-01,1.036399095826187633e+01
5.010020040080158665e-01,9.962203606469845596e+00
5.310621242484963034e-01,9.572003065843103897e+00
5.611222444889780725e-01,9.289449487831065611e+00
5.911823647294580653e-01,9.138756500987566866e+00
6.212424849699402785e-01,8.990695890853650951e+00
6.513026052104202712e-01,8.845434842796093378e+00
6.813627254509020403e-01,8.703152318786568031e+00
7.114228456913824772e-01,8.564038687523744642e+00
7.414829659318638022e-01,8.428298393251630216e+00
7.715430861723442391e-01,8.296155909661386829e+00
8.016032064128251200e-01,8.167865688184175355e+00
8.316633266533060009e-01,8.043727479690808480e+00
8.617234468937868819e-01,7.924109477631973597e+00
8.917835671342682069e-01,7.809483544928922605e+00
9.218436873747490878e-01,7.700480054723159107e+00
9.519038076152304129e-01,7.597975709030045266e+00
9.819639278557108497e-01,7.503238460212655170e+00
1.012024048096191731e+00,7.418170255383542688e+00
1.042084168336673056e+00,7.345691222545844390e+00
1.072144288577153937e+00,7.290076957230395394e+00
1.102204408817634373e+00,7.254816977412544610e+00
1.132264529058115698e+00,7.227622233777972305e+00
1.162324649298597024e+00,7.174219895207362363e+00
1.192384769539078349e+00,7.082101025396254634e+00
1.222444889779558341e+00,6.959852900538464837e+00
1.252505010020039666e+00,6.818927554118618062e+00
1.282565130260520991e+00,6.669351009331045077e+00
1.312625250501001872e+00,6.519071140838620160e+00
1.342685370741482309e+00,6.373620914062858134e+00
1.372745490981963634e+00,6.236051302584178835e+00
1.402805611222444959e+00,6.107338617475279285e+00
1.432865731462925396e+00,5.987318558195850571e+00
1.462925851703406277e+00,5.875082688134654063e+00
1.492985971943887602e+00,5.769660312324813134e+00
1.523046092184368927e+00,5.670142591649559805e+00
1.553106212424848920e+00,5.575750122298384071e+00
1.583166332665329801e+00,5.485839561271133036e+00
1.613226452905811570e+00,5.399887070521291577e+00
1.643286573146292007e+00,5.317466506463273568e+00
1.673346693386773332e+00,5.238229190412118541e+00
1.703406813627253769e+00,5.161887183909644961e+00
1.733466933867735538e+00,5.088200115390415057e+00
1.763527054108215530e+00,5.016965018004944099e+00
1.793587174348696855e+00,4.948008547748898422e+00
1.823647294589177736e+00,4.881181025462805856e+00
1.853707414829659506e+00,4.816351857911442380e+00
1.883767535070139054e+00,4.753405997427542218e+00
1.913827655310621267e+00,4.692241184546321442e+00
1.943887775551101704e+00,4.632765783315347718e+00
1.973947895791583473e+00,4.574897067787727423e+00
2.004008016032063466e+00,4.518559854274484699e+00
2.034068136272544791e+00,4.463685400449254992e+00
2.064128256513025672e+00,4.410210511939809841e+00
2.094188376753506553e+00,4.358076811435340758e+00
2.124248496993986990e+00,4.307230136026745981e+00
2.154308617234469203e+00,4.257620036464297542e+00
2.184368737474949640e+00,4.209199357990643264e+00
2.214428857715430521e+00,4.161923886920289917e+00
2.244488977955911402e+00,4.115752050563764364e+00
2.274549098196392727e+00,4.070644660722327224e+00
2.304609218436873608e+00,4.026564692991130734e+00
2.334669338677354045e+00,3.983477095680579616e+00
2.364729458917834926e+00,3.941348623379681726e+00
2.394789579158316251e+00,3.900147691144546958e+00
2.424849699398796687e+00,3.859844246046837846e+00
2.454909819639278012e+00,3.820409653419501339e+00
2.484969939879759337e+00,3.781816595607176978e+00
2.515030060120240218e+00,3.744038981419389955e+00
2.545090180360720655e+00,3.707051864785293027e+00
2.575150300601201980e+00,3.670831371362828666e+00
2.605210420841682861e+00,3.635354632056899682e+00
2.635270541082164186e+00,3.600599722565804406e+00
2.665330661322644623e+00,3.566545608213406382e+00
2.695390781563125948e+00,3.533172093434780781e+00
2.725450901803607273e+00,3.500459775377976257e+00
2.755511022044087266e+00,3.468390001160031488e+00
2.785571142284568591e+00,3.436944828381689021e+00
2.815631262525049916e+00,3.406106988557739967e+00
2.845691382765530797e+00,3.375859853166542024e+00
2.875751503006011234e+00,3.346187402060792238e+00
2.905811623246492559e+00,3.317074194013221344e+00
2.935871743486973884e+00,3.288505339199527810e+00
2.965931863727455209e+00,3.260466473444837199e+00
2.995991983967935202e+00,3.232943734078822295e+00
3.026052104208416527e+00,3.205923737263976836e+00
3.056112224448897852e+00,3.179393556675221610e+00
3.086172344689377844e+00,3.153340703422679248e+00
3.116232464929859169e+00,3.127753107120709863e+00
3.146292585170340494e+00,3.102619098016170085e+00
3.176352705410821819e+00,3.077927390097643379e+00
3.206412825651302256e+00,3.053667065114499479e+00
3.236472945891783137e+00,3.029827557442106301e+00
3.266533066132264462e+00,3.006398639734785050e+00
3.296593186372745787e+00,2.983370409313345739e+00
3.326653306613225780e+00,2.960733275239276985e+00
3.356713426853707105e+00,2.938477946030766397e+00
3.386773547094188430e+00,2.916595417980656357e+00
3.416833667334668867e+00,2.895076964038536094e+00
3.446893787575150192e+00,2.873914123222897743e+00
3.476953907815630629e+00,2.853098690531836290e+00
3.507014028056111954e+00,2.832622707322797861e+00
3.537074148296592391e+00,2.812478452134618667e+00
3.567134268537073272e+00,2.792658431926449580e+00
3.597194388777554597e+00,2.773155373710576299e+00
3.627254509018035922e+00,2.753962216557178433e+00
3.657314629258515915e+00,2.735072103951212252e+00
3.687374749498997240e+00,2.716478376482132084e+00
3.717434869739478565e+00,2.698174564849239676e+00
3.747494989979959001e+00,2.680154383166069021e+00
3.777555110220440326e+00,2.662411722548496229e+00
3.807615230460921207e+00,2.644940644971967902e+00
3.837675350701402532e+00,2.627735377384573745e+00
3.867735470941882969e+00,2.610790306063077715e+00
3.897795591182363850e+00,2.594099971200052757e+00
3.927855711422845175e+00,2.577659061710744659e+00
3.957915831663326500e+00,2.561462410249347954e+00
3.987975951903806937e+00,2.545504988424394988e+00
4.018036072144288262e+00,2.529781902204091715e+00
4.048096192384768699e+00,2.514288387502648270e+00
4.078156312625250024e+00,2.499019805939100891e+00
4.108216432865731349e+00,2.483971640760954891e+00
4.138276553106211786e+00,2.469139492924858459e+00
4.168336673346693111e+00,2.454519077327372845e+00
4.198396793587173548e+00,2.440106219179154934e+00
4.228456913827654873e+00,2.425896850515981029e+00
4.258517034068136198e+00,2.411887006840833791e+00
4.288577154308617523e+00,2.398072823891102434e+00
4.318637274549097071e+00,2.384450534525558663e+00
4.348697394789578397e+00,2.371016465725956479e+00
4.378757515030059722e+00,2.357767035708311809e+00
4.408817635270540158e+00,2.344698751139174142e+00
4.438877755511021483e+00,2.331808204452556765e+00
4.468937875751502808e+00,2.319092071263166854e+00
4.498997995991984133e+00,2.306547107872065183e+00
4.529058116232464570e+00,2.294170148860811498e+00
4.559118236472945895e+00,2.281958104770536178e+00
4.589178356713427220e+00,2.269907959862424107e+00
4.619238476953906769e+00,2.258016769956332048e+00
4.649298597194388094e+00,2.246281660344358944e+00
4.679358717434869419e+00,2.234699823776405747e+00
4.709418837675350744e+00,2.223268518514806669e+00
4.739478957915831181e+00,2.211985066455317117e+00
4.769539078156311618e+00,2.200846851311863972e+00
4.799599198396792943e+00,2.189851316862492681e+00
4.829659318637274268e+00,2.178995965254245437e+00
4.859719438877754705e+00,2.168278355364539056e+00
4.889779559118236030e+00,2.157696101217001505e+00
4.919839679358717355e+00,2.147246870449615042e+00
4.949899799599197792e+00,2.136928382833136020e+00
4.979959919839679117e+00,2.126738408837987926e+00
5.010020040080159553e+00,2.116674768247740701e+00
5.040080160320640879e+00,2.106735328817384900e+00
5.070140280561121315e+00,2.096918004974847261e+00
5.100200400801602640e+00,2.087220756564039270e+00
5.130260521042083965e+00,2.077641587627939046e+00
5.160320641282565290e+00,2.068178545230280996e+00
5.190380761523044839e+00,2.058829718314342916e+00
5.220440881763526164e+00,2.049593236597623047e+00
5.250501002004007489e+00,2.040467269500967795e+00
5.280561122244487926e+00,2.031450025110987490e+00
5.310621242484969251e+00,2.022539749174571355e+00
5.340681362725449688e+00,2.013734724124342623e+00
5.370741482965931013e+00,2.005033268133931124e+00
5.400801603206412338e+00,1.996433734202051502e+00
5.430861723446892775e+00,1.987934509264380090e+00
5.460921843687374100e+00,1.979534013332194142e+00
5.490981963927855425e+00,1.971230698656937452e+00
5.521042084168335862e+00,1.963023048919736446e+00
5.551102204408817187e+00,1.954909578445044760e+00
5.581162324649298512e+00,1.946888831437584733e+00
5.611222444889778060e+00,1.938959381241796232e+00
5.641282565130259385e+00,1.931119829622988338e+00
5.671342685370740710e+00,1.923368806069521098e+00
5.701402805611222036e+00,1.915704967115292146e+00
5.731462925851702472e+00,1.908126995681785454e+00
5.761523046092183797e+00,1.900633600439133541e+00
5.791583166332665122e+00,1.893223515185466166e+00
5.821643286573145559e+00,1.885895498244027912e+00
5.851703406813626884e+00,1.878648331877385669e+00
5.881763527054108209e+00,1.871480821718257914e+00
5.911823647294588646e+00,1.864391796216357422e+00
5.941883767535069083e+00,1.857380106100764650e+00
5.971943887775550408e+00,1.850444623857310678e+00
6.002004008016031733e+00,1.843584243220484087e+00
6.032064128256513058e+00,1.836797878679439000e+00
6.062124248496992607e+00,1.830084464997567606e+00
6.092184368737473932e+00,1.823442956745303878e+00
6.122244488977955257e+00,1.816872327845680424e+00
6.152304609218436582e+00,1.810371571132238122e+00
6.182364729458917019e+00,1.803939697918930607e+00
6.212424849699398344e+00,1.797575737581633692e+00
6.242484969939879669e+00,1.791278737150876488e+00
6.272545090180360106e+00,1.785047760915488002e+00
6.302605210420841431e+00,1.778881890036800195e+00
6.332665330661322756e+00,1.772780222173067743e+00
6.362725450901804081e+00,1.766741871113837403e+00
6.392785571142283629e+00,1.760765966423903262e+00
6.422845691382764954e+00,1.754851653096616948e+00
6.452905811623246279e+00,1.748998091216224848e+00
6.482965931863727604e+00,1.743204455628985183e+00
6.513026052104208041e+00,1.737469935622801831e+00
6.543086172344688478e+00,1.731793734615095115e+00
6.573146292585169803e+00,1.726175069848701504e+00
6.603206412825650240e+00,1.720613172095537990e+00
6.633266533066130677e+00,1.715107285367807766e+00
6.663326653306612002e+00,1.709656666636532929e+00
6.693386773547093327e+00,1.704260585557202834e+00
6.723446893787573764e+00,1.698918324202300267e+00
6.753507014028055089e+00,1.693629176800547587e+00
6.783567134268536414e+00,1.688392449482657209e+00
6.813627254509017739e+00,1.683207460033396830e+00
6.843687374749498176e+00,1.678073537649789726e+00
6.873747494989979501e+00,1.672990022705286295e+00
6.903807615230460826e+00,1.667956266519719843e+00
6.933867735470940374e+00,1.662971631134894102e+00
6.963927855711421699e+00,1.658035489095645465e+00
6.993987975951903024e+00,1.653147223236210328e+00
7.024048096192383461e+00,1.648306226471768721e+00
7.054108216432864786e+00,1.643511901594996383e+00
7.084168336673346111e+00,1.638763661077518030e+00
7.114228456913827436e+00,1.634060926876092390e+00
7.144288577154307873e+00,1.629403130243418429e+00
7.174348697394789198e+00,1.624789711543431547e+00
7.204408817635268747e+00,1.620220120070962277e+00
7.234468937875750072e+00,1.615693813875644036e+00
7.264529058116231397e+00,1.611210259589951788e+00
7.294589178356712722e+00,1.606768932261258609e+00
7.324649298597194047e+00,1.602369315187802457e+00
7.354709418837675372e+00,1.598010899758460335e+00
7.384769539078156697e+00,1.593693185296221948e+00
7.414829659318637134e+00,1.589415678905270912e+00
7.444889779559116683e+00,1.585177895321570274e+00
7.474949899799598008e+00,1.580979356766870181e+00
7.505010020040079333e+00,1.576819592806035564e+00
7.535070140280560658e+00,1.572698140207608564e+00
7.565130260521041983e+00,1.568614542807527545e+00
7.595190380761523308e+00,1.564568351375919431e+00
7.625250501002003745e+00,1.560559123486871647e+00
7.655310621242483293e+00,1.556586423391127960e+00
7.685370741482964618e+00,1.552649821891616266e+00
7.715430861723445943e+00,1.548748896221733951e+00
7.745490981963927268e+00,1.544883229926340640e+00
7.775551102204408593e+00,1.541052412745362199e+00
7.805611222444889918e+00,1.537256040499956677e+00
7.835671342685371243e+00,1.533493714981177369e+00
7.865731462925850792e+00,1.529765043841052385e+00
7.895791583166331229e+00,1.526069640486042767e+00
7.925851703406812554e+00,1.522407123972803866e+00
7.955911823647293879e+00,1.518777118906202261e+00
7.985971943887775204e+00,1.515179255339516695e+00
8.016032064128255641e+00,1.511613168676789076e+00
8.046092184368736966e+00,1.508078499577254483e+00
8.076152304609218291e+00,1.504574893861808427e+00
8.106212424849697840e+00,1.501102002421459636e+00
8.136272545090179165e+00,1.497659481127716186e+00
8.166332665330660490e+00,1.494246990744863224e+00
8.196392785571141815e+00,1.490864196844081668e+00
8.226452905811623140e+00,1.487510769719359249e+00
8.256513026052104465e+00,1.484186384305165474e+00
8.286573146292585790e+00,1.480890720095833668e+00
8.316633266533063562e+00,1.477623461066605248e+00
8.346693386773544887e+00,1.474384295596320227e+00
8.376753507014026212e+00,1.471172916391686236e+00
8.406813627254507537e+00,1.467989020413103418e+00
8.436873747494988862e+00,1.464832308802013872e+00
8.466933867735470187e+00,1.461702486809718371e+00
8.496993987975951512e+00,1.458599263727649475e+00
8.527054108216431061e+00,1.455522352819051957e+00
8.557114228456912386e+00,1.452471471252040125e+00
8.587174348697393711e+00,1.449446340034004965e+00
8.617234468937875036e+00,1.446446683947333778e+00
8.647294589178356361e+00,1.443472231486416124e+00
8.677354709418837686e+00,1.440522714795901216e+00
8.707414829659319011e+00,1.437597869610183432e+00
8.737474949899800336e+00,1.434697435194082216e+00
8.767535070140279885e+00,1.431821154284699471e+00
8.797595190380761210e+00,1.428968773034409390e+00
8.827655310621240758e+00,1.426140040954973820e+00
8.857715430861722083e+00,1.423334710862747654e+00
8.887775551102203409e+00,1.420552538824944699e+00
8.917835671342684734e+00,1.417793284106957818e+00
8.947895791583166059e+00,1.415056709120688261e+00
8.977955911823645607e+00,1.412342579373880413e+00
9.008016032064126932e+00,1.409650663420420891e+00
9.038076152304608257e+00,1.406980732811597523e+00
9.068136272545089582e+00,1.404332562048290711e+00
9.098196392785570907e+00,1.401705928534069390e+00
9.128256513026052232e+00,1.399100612529179388e+00
9.158316633266533557e+00,1.396516397105411311e+00
9.188376753507013106e+00,1.393953068101802417e+00
9.218436873747494431e+00,1.391410414081193370e+00
9.248496993987975756e+00,1.388888226287578798e+00
9.278557114228455305e+00,1.386386298604275424e+00
9.308617234468936630e+00,1.383904427512853808e+00
9.338677354709417955e+00,1.381442412052840130e+00
9.368737474949899280e+00,1.379000053782166502e+00
9.398797595190380605e+00,1.376577156738347574e+00
9.428857715430860154e+00,1.374173527400375239e+00
9.458917835671341479e+00,1.371788974651309667e+00
9.488977955911822804e+00,1.369423309741560235e+00
9.519038076152304129e+00,1.367076346252831476e+00
9.549098196392785454e+00,1.364747900062725838e+00
9.579158316633266779e+00,1.362437789309995484e+00
9.609218436873748104e+00,1.360145834360408257e+00
9.639278557114225876e+00,1.357871857773245816e+00
9.669338677354707201e+00,1.355615684268392629e+00
9.699398797595188526e+00,1.353377140694019376e+00
9.729458917835669851e+00,1.351156055994841676e+00
9.759519038076151176e+00,1.348952261180948575e+00
9.789579158316632501e+00,1.346765589297181709e+00
9.819639278557113826e+00,1.344595875393055806e+00
9.849699398797593375e+00,1.342442956493215434e+00
9.879759519038074700e+00,1.340306671568405994e+00
9.909819639278556025e+00,1.338186861506961201e+00
9.939879759519037350e+00,1.336083369086782602e+00
9.969939879759518675e+00,1.333996038947816709e+00
1.000000000000000000e+01,1.331924717565002192e+00
